"AC Name","AC No.","Type","District","Winning Candidate","Party","Total Electors","Total Votes","Poll%","Margin","Margin %"
Achalpur,42,GEN,Amravati,Bachchu Babarao Kadu,Prahar Janshakti Party ,273294,183665,67.2 %,8396,4.6%
Aheri ,69,ST,Gadchiroli,Aatram Dharamraobaba Bhagwantrao,Nationalist Congress Party,235954,160593,68.1 %,15458,9.6%
Ahmadpur ,236,GEN,Latur,Babasaheb Mohanrao Patil,Nationalist Congress Party,318459,213219,67.0 %,29191,13.7%
Ahmednagar City,225,GEN,Ahmadnagar,Sangram Arunkaka Jagtap,Nationalist Congress Party,286408,167427,58.5 %,11139,6.7%
Airoli,150,GEN,Thane,Ganesh Naik,Bharatiya Janta Party,448791,191211,42.6 %,78491,41.0%
Akkalkot ,250,GEN,Solapur,Kalyanshetti Sachin Panchappa,Bharatiya Janta Party,342323,212322,62.0 %,36769,17.3%
Akkalkuwa ,1,ST,Nandurbar,Adv. K. C. Padavi,Indian National Congress,274595,195771,71.3 %,2096,1.1%
Akola East,31,GEN,Akola,Randhir Pralhadrao Sawarkar,Bharatiya Janta Party,337917,190958,56.5 %,24723,12.9%
Akola West,30,GEN,Akola,Govardhan Mangilal Sharma @ Lalaji,Bharatiya Janta Party,327394,166839,51.0 %,2593,1.6%
Akole ,216,ST,Ahmadnagar,Dr. Kiran Yamaji Lahamate,Nationalist Congress Party,254116,171970,67.7 %,57689,33.5%
Akot,28,GEN,Akola,Prakash Gunwantrao Bharsakale,Bharatiya Janta Party,281637,182058,64.6 %,7260,4.0%
Alibag,192,GEN,Raigarh,Mahendra Hari Dalvi,Shiv Sena,292581,212512,72.6 %,32924,15.5%
Amalner,15,GEN,Jalgaon,Anil Bhaidas Patil,Nationalist Congress Party,293012,183403,62.6 %,8594,4.7%
Ambegaon,196,GEN,Pune,Dilip Dattatray Walse Patil,Nationalist Congress Party,280977,188416,67.1 %,66775,35.4%
Ambernath ,140,SC,Thane,Dr. Kinikar Balaji Pralhad,Shiv Sena,308117,129597,42.1 %,29294,22.6%
Amgaon ,66,ST,Gondiya,Korote Sahasram Maroti,Indian National Congress,264648,181375,68.5 %,7420,4.1%
Amravati,38,GEN,Amravati,Sulbha Sanjay Khodke,Indian National Congress,341728,170779,50.0 %,18268,10.7%
Andheri East,166,GEN,Mumbai (Suburban),Ramesh Latke,Shiv Sena,271245,142806,52.6 %,16965,11.9%
Andheri West,165,GEN,Mumbai (Suburban),Ameet Bhaskar Satam,Bharatiya Janta Party,301235,130176,43.2 %,18962,14.6%
Anushakti Nagar,172,GEN,Mumbai (Suburban),Nawab Malik,Nationalist Congress Party,247954,136936,55.2 %,12751,9.3%
Arjuni-Morgaon ,63,SC,Gondiya,Chandrikapure Manohar Gowardhan,Nationalist Congress Party,253101,174229,68.8 %,718,0.4%
Armori ,67,ST,Gadchiroli,Gajbe Krushna Damaji,Bharatiya Janta Party,252241,177621,70.4 %,21667,12.2%
Arni ,80,ST,Yavatmal,Dr. Dhurve Sandeep Prabhakar,Bharatiya Janta Party,309204,208883,67.6 %,3153,1.5%
Arvi ,44,GEN,Wardha,Dadarao Yadaorao Keche,Bharatiya Janta Party,260513,175513,67.4 %,12467,7.1%
Ashti,231,GEN,Bid,Ajabe Balasaheb Bhausaheb,Nationalist Congress Party,371296,238207,64.2 %,25825,10.8%
Aurangabad Central,107,GEN,Aurangabad,Jaiswal Pradeep Shivnarayan,Shiv Sena,319744,193155,60.4 %,13892,7.2%
Aurangabad East,109,GEN,Aurangabad,Atul Moreshwar Save,Bharatiya Janta Party,306082,193394,63.2 %,13930,7.2%
Aurangabad West,108,SC,Aurangabad,Sanjay Pandurang Shirsat,Shiv Sena,331163,196340,59.3 %,40445,20.6%
Ausa,239,GEN,Latur,Abhimanyu Dattatray Pawar,Bharatiya Janta Party,280319,186551,66.5 %,26714,14.3%
Badnapur ,102,SC,Jalna,Kuche Narayan Tilakchand,Bharatiya Janta Party,304686,209824,68.9 %,18612,8.9%
Badnera,37,GEN,Amravati,Ravi Rana,Independent,353306,185336,52.5 %,15541,8.4%
Baglan ,116,ST,Nashik,Dilip Manglu Borse,Bharatiya Janta Party,275763,164600,59.7 %,33694,20.5%
Balapur,29,GEN,Akola,Nitinkumar Bhikanrao Tale,Shiv Sena,294781,193690,65.7 %,18788,9.7%
Ballarpur,72,GEN,Chandrapur,Mungantiwar Sudhir Sachchidanand,Bharatiya Janta Party,317692,198607,62.5 %,33240,16.7%
Baramati,201,GEN,Pune,Ajit Aanantrao Pawar,Nationalist Congress Party,339800,233461,68.7 %,165265,70.8%
Barshi ,246,GEN,Solapur,Rajendra Vitthal Raut,Independent,301685,223061,73.9 %,3076,1.4%
Basmath,92,GEN,Hingoli,Chandrakant Alias Rajubhaiyya Ramakant Nawghare,Nationalist Congress Party,290797,215776,74.2 %,8251,3.8%
Beed,230,GEN,Bid,Sandeep Ravindra Kshirsagar,Nationalist Congress Party,332362,220420,66.3 %,1984,0.9%
Belapur,151,GEN,Thane,Manda Vijay Mhatre,Bharatiya Janta Party,376119,170723,45.4 %,43597,25.5%
Bhandara ,61,SC,Bhandara,Narendra Bhojraj Bhondekar,Independent,368228,231654,62.9 %,23677,10.2%
Bhandup West,157,GEN,Mumbai (Suburban),Ramesh Gajanan Korgaonkar,Shiv Sena,279749,155550,55.6 %,29173,18.8%
Bhiwandi East,137,GEN,Thane,Rais Kasam Shaikh,Samajwadi Party,265142,127913,48.2 %,1314,1.0%
Bhiwandi Rural (S.T.),134,ST,Thane,Shantaram Tukaram More,Shiv Sena,283449,169474,59.8 %,44509,26.3%
Bhiwandi West,136,GEN,Thane,Chaughule Mahesh Prabhakar,Bharatiya Janta Party,269136,136980,50.9 %,14912,10.9%
Bhokar,85,GEN,Nanded,Ashokrao Shankarrao Chavan,Indian National Congress,277129,206085,74.4 %,97445,47.3%
Bhokardan,103,GEN,Jalna,Santosh Raosaheb Danve,Bharatiya Janta Party,302792,215296,71.1 %,32490,15.1%
Bhor,203,GEN,Pune,Sangram Anantrao Thopte,Indian National Congress,354877,226436,63.8 %,9206,4.1%
Bhosari,207,GEN,Pune,Mahesh (Dada) Kisan Landge,Bharatiya Janta Party,413810,259827,62.8 %,77567,29.9%
Bhusawal ,12,GEN,Jalgaon,Sanjay Waman Sawkare,Bharatiya Janta Party,303559,147377,48.5 %,53014,36.0%
Boisar ,131,ST,Thane,Rajesh Raghunath Patil,Bahujan Vikas Aaghadi,297925,208230,69.9 %,2752,1.3%
Borivali,152,GEN,Mumbai (Suburban),Sunil Dattatraya Rane,Bharatiya Janta Party,291748,155869,53.4 %,95021,61.0%
Brahmapuri,73,GEN,Chandrapur,Vijay Namdevrao Wadettiwar,Indian National Congress,268043,192369,71.8 %,18549,9.6%
Buldhana,22,GEN,Buldana,Sanjay Rambhau Gaikwad,Shiv Sena,304842,178110,58.4 %,26075,14.6%
Byculla,184,GEN,Mumbai,Yamini Yashwant Jadhav,Shiv Sena,243491,121932,50.1 %,20023,16.4%
Chalisgaon,17,GEN,Jalgaon,Mangesh Ramesh Chavan,Bharatiya Janta Party,341016,216276,63.4 %,4287,2.0%
Chandgad ,271,GEN,Kolhapur,Rajesh Narasingrao Patil,Nationalist Congress Party,321319,218754,68.1 %,4385,2.0%
Chandivali,168,GEN,Mumbai (Suburban),Dilip Bhausaheb Lande,Shiv Sena,370868,192981,52.0 %,409,0.2%
Chandrapur ,71,SC,Chandrapur,Jorgewar Kishor Gajanan,Independent,392773,201119,51.2 %,72661,36.1%
Chandvad,118,GEN,Nashik,Dr. Aher Rahul Daulatrao,Bharatiya Janta Party,280213,191432,68.3 %,27744,14.5%
Charkop,161,GEN,Mumbai (Suburban),Yogesh Sagar,Bharatiya Janta Party,282788,147265,52.1 %,73749,50.1%
Chembur,173,GEN,Mumbai (Suburban),Prakash Vaikunth Phaterpekar,Shiv Sena,252476,129076,51.1 %,19018,14.7%
Chikhli,23,GEN,Buldana,Shweta Vidyadhar Mahale,Bharatiya Janta Party,293026,193147,65.9 %,6810,3.5%
Chimur ,74,GEN,Chandrapur,Bunty Bhangdiya,Bharatiya Janta Party,275101,205961,74.9 %,9752,4.7%
Chinchwad,205,GEN,Pune,Jagtap Laxman Pandurang,Bharatiya Janta Party,502865,272357,54.2 %,38498,14.1%
Chiplun,265,GEN,Ratnagiri,Shekhar Govindrao Nikam,Nationalist Congress Party,269322,175624,65.2 %,29924,17.0%
Chopda ,10,ST,Jalgaon,Latabai Chandrakant Sonawane,Shiv Sena,307784,197243,64.1 %,20529,10.4%
Colaba,187,GEN,Mumbai,Adv. Rahul Suresh Narwekar,Bharatiya Janta Party,265265,103709,39.1 %,16195,15.6%
Dahanu ,128,ST,Thane,Nikole Vinod Bhiva,Communist Party Of India (Marxist),269996,161157,59.7 %,4707,2.9%
Dahisar,153,GEN,Mumbai (Suburban),Chaudhary Manisha Ashok,Bharatiya Janta Party,250617,130832,52.2 %,63917,48.9%
Dapoli,263,GEN,Ratnagiri,Kadam Yogeshdada Ramdas,Shiv Sena,279500,183150,65.5 %,13578,7.4%
Daryapur ,40,SC,Amravati,Balwant Baswant Wankhade,Indian National Congress,295645,188970,63.9 %,30519,16.2%
Daund,199,GEN,Pune,Rahul Subhashrao Kul,Bharatiya Janta Party,295913,213131,72.0 %,746,0.4%
Deglur ,90,SC,Nanded,Antapurkar Raosaheb Jayvanta,Indian National Congress,290068,176455,60.8 %,22433,12.7%
Deoli ,45,GEN,Wardha,Ranjit Prataprao Kamble,Indian National Congress,272489,174031,63.9 %,35804,20.6%
Devlali  ,126,SC,Nashik,Saroj Babulal Ahire,Nationalist Congress Party,264431,143924,54.4 %,41702,29.0%
Dhamamgaon Railway,36,GEN,Amravati,Adsad Pratap Arunbhau,Bharatiya Janta Party,311829,209032,67.0 %,9519,4.6%
Dharavi ,178,SC,Mumbai,Gaikwad Varsha Eknath,Indian National Congress,247283,117208,47.4 %,11824,10.1%
Dhule City,7,GEN,Dhule,Shah Faruk Anwar,All India Majlis-E-Ittehadul Muslimeen,316032,159971,50.6 %,3307,2.1%
Dhule Rural,6,GEN,Dhule,Kunalbaba Rohidas Patil,Indian National Congress,370224,243099,65.7 %,14564,6.0%
Digras,79,GEN,Yavatmal,Rathod Sanjay Dulichand,Shiv Sena,320572,224693,70.1 %,63607,28.3%
Dindori ,122,ST,Nashik,Zirwal Narhari Sitaram,Nationalist Congress Party,302348,206872,68.4 %,60813,29.4%
Dindoshi,159,GEN,Mumbai (Suburban),Sunil Prabhu,Shiv Sena,278781,152970,54.9 %,44511,29.1%
Dombivali,143,GEN,Thane,Chavan Ravindra Dattatray,Bharatiya Janta Party,341792,141198,41.3 %,41311,29.3%
Erandol,16,GEN,Jalgaon,Chimanrao Rupchand Patil,Shiv Sena,279851,176380,63.0 %,18002,10.2%
Gadchiroli ,68,ST,Gadchiroli,Dr. Deorao Madguji Holi,Bharatiya Janta Party,285376,194025,68.0 %,35341,18.2%
Gangakhed,97,GEN,Parbhani,Ratnakar Manikrao Gutte,Rashtriya Samaj Paksha,385821,268317,69.5 %,18058,6.7%
Gangapur,111,GEN,Aurangabad,Bamb Prashant Bansilal,Bharatiya Janta Party,309279,201992,65.3 %,34971,17.3%
Georai,228,GEN,Bid,Laxman Madhavrao Pawar,Bharatiya Janta Party,349126,261076,74.8 %,6792,2.6%
Ghansawangi,100,GEN,Jalna,Rajeshbhaiyya Tope,Nationalist Congress Party,307190,227207,74.0 %,3409,1.5%
Ghatkopar East,170,GEN,Mumbai (Suburban),Parag Shah,Bharatiya Janta Party,232594,123319,53.0 %,53319,43.2%
Ghatkopar West,169,GEN,Mumbai (Suburban),Ram Kadam,Bharatiya Janta Party,265843,147156,55.4 %,28789,19.6%
Gondiya,65,GEN,Gondiya,Vinod Agrawal,Independent,318166,207527,65.2 %,27169,13.1%
Goregaon,163,GEN,Mumbai (Suburban),Vidya Jaiprakash Thakur,Bharatiya Janta Party,323811,148080,45.7 %,48907,33.0%
Guhagar ,264,GEN,Ratnagiri,Bhaskar Bhaurao Jadhav,Shiv Sena,239663,140647,58.7 %,26451,18.8%
Hadapsar,213,GEN,Pune,Chetan Vitthal Tupe,Nationalist Congress Party,487906,235695,48.3 %,2820,1.2%
Hadgaon,84,GEN,Nanded,Jawalgaonkar Madhavrao Nivruttirao Patil,Indian National Congress,278041,195117,70.2 %,13363,6.8%
Hatkanangle ,278,SC,Kolhapur,Awale Raju (Baba) Jaywantrao,Indian National Congress,320110,231135,72.2 %,6770,2.9%
Hinganghat,46,GEN,Wardha,Samir Trimbakrao Kunawar,Bharatiya Janta Party,296107,190648,64.4 %,50455,26.5%
Hingna,50,GEN,Nagpur,Meghe Sameer Dattatraya,Bharatiya Janta Party,369002,224610,60.9 %,46167,20.6%
Hingoli,94,GEN,Hingoli,Tanhaji Sakharamji Mutkule,Bharatiya Janta Party,310625,198950,64.0 %,24065,12.1%
Ichalkaranji,279,GEN,Kolhapur,Prakashanna Awade,Independent,293059,199758,68.2 %,49810,24.9%
Igatpuri ,127,ST,Nashik,Hiraman Bhika Khoskar,Indian National Congress,260721,164230,63.0 %,31555,19.2%
Indapur,200,GEN,Pune,Dattatray Vithoba Bharane,Nationalist Congress Party,302456,232767,77.0 %,3110,1.3%
Islampur,283,GEN,Sangli,Jayant Rajaram Patil,Nationalist Congress Party,269823,198819,73.7 %,72169,36.3%
Jalgaon (Jamod),27,GEN,Buldana,Kute Dr. Sanjay Shriram,Bharatiya Janta Party,285565,201505,70.6 %,35231,17.5%
Jalgaon City,13,GEN,Jalgaon,Suresh Damu Bhole (Rajumama),Bharatiya Janta Party,391544,177129,45.2 %,64846,36.6%
Jalgaon Rural,14,GEN,Jalgaon,Gulabrao Raghunath Patil,Shiv Sena,314918,195981,62.2 %,46729,23.8%
Jalna,101,GEN,Jalna,Gorantyal Kailas Kisanrao,Indian National Congress,328338,185492,56.5 %,25338,13.7%
Jamner	,19,GEN,Jalgaon,Girish Dattatraya Mahajan,Bharatiya Janta Party,307643,206660,67.2 %,35014,16.9%
Jath,288,GEN,Sangli,Vikramsinh Balasaheb Sawant,Indian National Congress,270763,174339,64.4 %,34674,19.9%
Jintur,95,GEN,Parbhani,Bordikar Meghna Deepak Sakore,Bharatiya Janta Party,348039,255697,73.5 %,3717,1.5%
Jogeshwari East,158,GEN,Mumbai (Suburban),Ravindra Dattaram Waikar,Shiv Sena,279663,136934,49.0 %,58787,42.9%
Junnar,195,GEN,Pune,Atul Vallabh Benke,Nationalist Congress Party,299123,201037,67.2 %,9068,4.5%
Kagal,273,GEN,Kolhapur,Mushrif Hasan Miyalal,Nationalist Congress Party,323027,262473,81.3 %,28133,10.7%
Kaij ,232,SC,Bid,Namita Akshay Mundada,Bharatiya Janta Party,359546,228075,63.4 %,32909,14.4%
Kalamnuri,93,GEN,Hingoli,Bangar Santosh Laxmanrao,Shiv Sena,305263,210107,68.8 %,16378,7.8%
Kalina,175,GEN,Mumbai (Suburban),Sanjay Govind Potnis,Shiv Sena,235674,115569,49.0 %,4931,4.3%
Kalwan ,117,ST,Nashik,Nitin Arjun (A.T.) PAWAR,Nationalist Congress Party,268199,192946,71.9 %,6596,3.4%
Kalyan East,142,GEN,Thane,Ganpat Kalu Gaikwad,Bharatiya Janta Party,340145,147372,43.3 %,12257,8.3%
Kalyan Rural,144,GEN,Thane,Pramod (Raju) Ratan Patil,Maharashtra Navnirman Sena,411955,191822,46.6 %,7154,3.7%
Kalyan West,138,GEN,Thane,Vishwanath Atmaram Bhoir,Shiv Sena,438025,186248,42.5 %,22277,12.0%
Kamthi,58,GEN,Nagpur,Sawarkar Tekchand Shrawan,Bharatiya Janta Party,417590,256965,61.5 %,11116,4.3%
Kandivali East,160,GEN,Mumbai (Suburban),Atul Bhatkhalkar,Bharatiya Janta Party,265225,131907,49.7 %,52354,39.7%
Kankavli,268,GEN,Sindhudurg,Nitesh Narayan Rane,Bharatiya Janta Party,229581,148516,64.7 %,28116,18.9%
Kannad,105,GEN,Aurangabad,Udaysing Sardarsing Rajput,Shiv Sena,312269,213583,68.4 %,18690,8.8%
Karad North,259,GEN,Satara,Balasaheb Urf Shamrao Pandurang Patil,Nationalist Congress Party,293051,198167,67.6 %,49215,24.8%
Karad South,260,GEN,Satara,Chavan Prithviraj Dajisaheb,Indian National Congress,289586,209640,72.4 %,9130,4.4%
Karanja,35,GEN,Washim,Patni Rajendra Sukhanand,Bharatiya Janta Party,298871,185200,62.0 %,22724,12.3%
Karjat,189,GEN,Raigarh,Mahendra Sadashiv Thorve,Shiv Sena,279853,197171,70.5 %,18046,9.2%
Karjat Jamkhed,227,GEN,Ahmadnagar,Rohit Pawar,Nationalist Congress Party,315835,237493,75.2 %,43347,18.3%
Karmala,244,GEN,Solapur,Sanjaymama Vitthalrao Shinde,Independent,303344,213474,70.4 %,5494,2.6%
Karvir,275,GEN,Kolhapur,P. N.Patil (Sadolikar),Indian National Congress,302659,255129,84.3 %,22661,8.9%
Kasbapeth,215,GEN,Pune,Mukta Shailesh Tilak,Bharatiya Janta Party,289054,147537,51.0 %,28196,19.1%
Katol,48,GEN,Nagpur,Anil Deshmukh,Nationalist Congress Party,271118,188013,69.3 %,17057,9.1%
Khadakwasala,211,GEN,Pune,Bhimrao (Anna) Dhondiba Tapkir,Bharatiya Janta Party,473101,246811,52.2 %,2595,1.1%
Khamgaon,26,GEN,Buldana,Akash Pandurang Fundkar,Bharatiya Janta Party,278694,196298,70.4 %,16968,8.6%
Khanapur,286,GEN,Sangli,Anilbhau Babar,Shiv Sena,321932,213943,66.5 %,26291,12.3%
Khed Alandi,197,GEN,Pune,Dilip Dattatray Mohite,Nationalist Congress Party,323378,219038,67.7 %,33242,15.2%
Kinwat,83,GEN,Nanded,Bhimrao Ramji Keram,Bharatiya Janta Party,258766,183515,70.9 %,13272,7.2%
Kolhapur North,276,GEN,Kolhapur,Chandrakant Pandit Jadhav,Indian National Congress,283480,172168,60.7 %,15199,8.8%
Kolhapur South,274,GEN,Kolhapur,Ruturaj Sanjay Patil,Indian National Congress,322646,241706,74.9 %,42709,17.7%
Kopargaon,219,GEN,Ahmadnagar,Aashutosh Ashokrao Kale,Nationalist Congress Party,260461,200918,77.1 %,822,0.4%
Kopri-Pachpakhadi,147,GEN,Thane,Eknath Sambhaji Shinde,Shiv Sena,348060,168515,48.4 %,89300,53.0%
Koregaon ,257,GEN,Satara,Mahesh Sambhajiraje Shinde,Shiv Sena,300186,203400,67.8 %,6232,3.1%
Kothrud,210,GEN,Pune,Chandrakant (Dada) BACHHU PATIL,Bharatiya Janta Party,399040,191129,47.9 %,25495,13.3%
Kudal,269,GEN,Sindhudurg,Naik Vaibhav Vijay,Shiv Sena,213829,134348,62.8 %,14349,10.7%
Kurla(SC),174,SC,Mumbai (Suburban),Mangesh Kudalkar,Shiv Sena,271654,118913,43.8 %,21013,17.7%
Latur City,235,GEN,Latur,Amit Vilasrao Deshmukh,Indian National Congress,368640,211060,57.3 %,40415,19.1%
Latur Rural,234,GEN,Latur,Dhiraj Vilasrao Deshmukh,Indian National Congress,319590,172099,53.8 %,121482,70.6%
Loha,88,GEN,Nanded,Shyamsundar Shinde,Peasants And Workers Party Of India,272771,191446,70.2 %,64362,33.6%
Madha,245,GEN,Solapur,Shinde Babanrao Vitthalrao,Nationalist Congress Party,325034,225480,69.4 %,68245,30.3%
Magathane,154,GEN,Mumbai (Suburban),Prakash Rajaram Surve,Shiv Sena,268294,146523,54.6 %,49146,33.5%
Mahad,194,GEN,Raigarh,Gogawale Bharat Maruti,Shiv Sena,284716,188818,66.3 %,21575,11.4%
Mahim,181,GEN,Mumbai,Sada Sarvankar,Shiv Sena,234432,120116,51.2 %,18647,15.5%
Majalgaon,229,GEN,Bid,Prakash (Dada) Sundarrao Solanke,Nationalist Congress Party,328555,227556,69.3 %,12890,5.7%
Malabar Hill,185,GEN,Mumbai,Mangal Prabhat Lodha,Bharatiya Janta Party,260661,117897,45.2 %,71872,61.0%
Malad West,162,GEN,Mumbai (Suburban),Aslam Ramzanali Shaikh,Indian National Congress,288346,152828,53.0 %,10383,6.8%
Malegaon Central,114,GEN,Nashik,Mohammed Ismail Abdul Khalique,All India Majlis-E-Ittehadul Muslimeen,284975,199201,69.9 %,38519,19.3%
Malegaon Outer,115,GEN,Nashik,Bhuse Dadaji Dagdu,Shiv Sena,336886,201983,60.0 %,47684,23.6%
Malkapur,21,GEN,Buldana,Ekade Rajesh Panditrao,Indian National Congress,267347,184398,69.0 %,14384,7.8%
Malshiras ,254,SC,Solapur,Ram Vitthal Satpute,Bharatiya Janta Party,319859,213344,66.7 %,2590,1.2%
Man ,258,GEN,Satara,Jaykumar Bhagwanrao Gore,Bharatiya Janta Party,339905,226261,66.6 %,3043,1.3%
Mankhurd Shivaji Nagar,171,GEN,Mumbai (Suburban),Abu Asim Azmi,Samajwadi Party,299522,141515,47.2 %,25601,18.1%
Maval ,204,GEN,Pune,Sunil Shankarrao Shelke,Nationalist Congress Party,337769,246734,73.0 %,93942,38.1%
Mehkar ,25,SC,Buldana,Sanjay Bhaskar Raymulkar,Shiv Sena,290113,172575,59.5 %,62202,36.0%
Melghat ,41,ST,Amravati,Rajkumar Dayaram Patel,Prahar Janshakti Party ,275629,179106,65.0 %,41362,23.1%
Mira Bhayandar,145,GEN,Thane,Geeta Bharat Jain,Independent,428358,209013,48.8 %,15526,7.4%
Miraj ,281,SC,Sangli,Dr. Suresh (Bhau) Dagadu Khade,Bharatiya Janta Party,325012,177092,54.5 %,30398,17.2%
Mohol ,247,SC,Solapur,Mane Yashwant Vitthal,Nationalist Congress Party,303143,200868,66.3 %,21699,10.8%
Morshi,43,GEN,Amravati,Devendra Mahadevrao Bhuyar,Swabhimani Paksha,287944,190205,66.1 %,9791,5.1%
Mukhed,91,GEN,Nanded,Tushar Govindrao Rathod,Bharatiya Janta Party,279321,184940,66.2 %,31863,17.2%
Muktainagar ,20,GEN,Jalgaon,Chandrakant Nimba Patil,Independent,291281,194414,66.7 %,1957,1.0%
Mulund,155,GEN,Mumbai (Suburban),Kotecha Mihir Chandrakant,Bharatiya Janta Party,283961,149337,52.6 %,57348,38.4%
Mumbadevi,186,GEN,Mumbai,Amin Patel,Indian National Congress,242604,105908,43.7 %,23655,22.3%
Mumbra-Kalwa,149,GEN,Thane,Awhad Jitendra Satish,Nationalist Congress Party,337099,176459,52.3 %,75639,42.9%
Murbad,139,GEN,Thane,Kisan Shankar Kathore,Bharatiya Janta Party,386790,226078,58.4 %,136040,60.2%
Murtizapur ,32,SC,Akola,Harish Marotiappa Pimpale,Bharatiya Janta Party,318818,174244,54.7 %,1910,1.1%
Nagpur Central,55,GEN,Nagpur,Vikas Shankarrao Kumbhare,Bharatiya Janta Party,317096,161089,50.8 %,4008,2.5%
Nagpur East,54,GEN,Nagpur,Krushna Pancham Khopde,Bharatiya Janta Party,364278,195181,53.6 %,24017,12.3%
Nagpur North,57,SC,Nagpur,Dr. Nitin Raut,Indian National Congress,375284,193785,51.6 %,20694,10.7%
Nagpur South,53,GEN,Nagpur,Mohan Gopalrao Mate,Bharatiya Janta Party,375857,191013,50.8 %,4013,2.1%
Nagpur South West,52,GEN,Nagpur,Devendra Gangadharrao Fadnavis,Bharatiya Janta Party,374025,189054,50.5 %,49344,26.1%
Nagpur West,56,GEN,Nagpur,Vikas Pandurang Thakre,Indian National Congress,354479,174752,49.3 %,6367,3.6%
Naigaon,89,GEN,Nanded,Rajesh Pawar,Bharatiya Janta Party,283105,209051,73.8 %,54384,26.0%
Nalasopara,132,GEN,Thane,Kshitij Hitendra Thakur,Bahujan Vikas Aaghadi,487579,265849,54.5 %,43729,16.4%
Nanded North,86,GEN,Nanded,Balaji Devidasrao Kalyankar,Shiv Sena,308197,188561,61.2 %,12106,6.4%
Nanded South,87,GEN,Nanded,Mohanrao Marotrao Hambarde,Indian National Congress,281439,182028,64.7 %,3592,2.0%
Nandgaon,113,GEN,Nashik,Suhas Dwarkanath Kande,Shiv Sena,317318,188878,59.5 %,13889,7.4%
Nandurbar ,3,ST,Nandurbar,Vijaykumar Krushnarao Gavit,Bharatiya Janta Party,336325,184968,55.0 %,70396,38.1%
Nashik Central,124,GEN,Nashik,Devyani Suhas Pharande,Bharatiya Janta Party,315980,152818,48.4 %,28398,18.6%
Nashik East,123,GEN,Nashik,Adv. Rahul Uattamrao Dhikle,Bharatiya Janta Party,352855,177929,50.4 %,12000,6.7%
Nashik West,125,GEN,Nashik,Seema Mahesh Hiray (Seematai),Bharatiya Janta Party,390594,216821,55.5 %,9746,4.5%
Nawapur ,4,ST,Nandurbar,Naik Shirishkumar Surupsing,Indian National Congress,287031,212713,74.1 %,11335,5.3%
Nevasa,221,GEN,Ahmadnagar,Shankarrao Yashwantrao Gadakh,Krantikari Shetkari Party,258060,211266,81.9 %,30663,14.5%
Nilanga,238,GEN,Latur,Nilangekar Sambhaji Diliprao Patil,Bharatiya Janta Party,311438,196046,62.9 %,32131,16.4%
Niphad ,121,GEN,Nashik,Bankar Diliprao Shankarrao,Nationalist Congress Party,268515,203041,75.6 %,17668,8.7%
Osmanabad,242,GEN,Osmanabad,Kailas Balasaheb Ghadge Patil,Shiv Sena,349923,214511,61.3 %,13467,6.3%
Ovala - Majiwada,146,GEN,Thane,Pratap Baburao Sarnaik,Shiv Sena,438280,187615,42.8 %,84008,44.8%
Pachora,18,GEN,Jalgaon,Kishor Appa Patil,Shiv Sena,310995,199693,64.2 %,2084,1.0%
Paithan,110,GEN,Aurangabad,Bhumare Sandipanrao Asaram,Shiv Sena,290703,211271,72.7 %,14139,6.7%
Palghar ,130,ST,Thane,Shrinivas Chintaman Vanga,Shiv Sena,271182,122257,45.1 %,40305,33.0%
Palus-Kadegaon,285,GEN,Sangli,Kadam Vishwajeet Patangrao,Indian National Congress,275988,185886,67.4 %,162521,87.4%
Pandharpur,252,GEN,Solapur,Bhalake Bharat Tukaram,Nationalist Congress Party,331747,238919,72.0 %,13361,5.6%
Panvel ,188,GEN,Raigarh,Prashant Ramsheth Thakur,Bharatiya Janta Party,539357,290082,53.8 %,92730,32.0%
Paranda ,243,GEN,Osmanabad,Tanaji Jaywant Sawant,Shiv Sena,312648,213064,68.1 %,32902,15.4%
Parbhani ,96,GEN,Parbhani,Dr. Rahul Vedprakash Patil,Shiv Sena,301366,190674,63.3 %,81790,42.9%
Parli,233,GEN,Bid,Dhananjay Panditrao Munde,Nationalist Congress Party,304516,223711,73.5 %,30701,13.7%
Parner,224,GEN,Ahmadnagar,Nilesh Dnyandev Lanke,Nationalist Congress Party,319139,225377,70.6 %,59838,26.6%
Partur,99,GEN,Jalna,Babanrao Dattatrya Yadav(LONIKAR),Bharatiya Janta Party,292751,202482,69.2 %,25942,12.8%
Parvati,212,GEN,Pune,Madhuri Satish Misal,Bharatiya Janta Party,352356,170124,48.3 %,36767,21.6%
Patan,261,GEN,Satara,Desai Shambhuraj Shivajirao,Shiv Sena,298502,202765,67.9 %,14175,7.0%
Pathri,98,GEN,Parbhani,Warpudkar Suresh Ambadasrao,Indian National Congress,350051,234634,67.0 %,14774,6.3%
Pen,191,GEN,Raigarh,Ravisheth Patil,Bharatiya Janta Party,300255,213453,71.1 %,24051,11.3%
Phaltan ,255,SC,Satara,Dipak Pralhad Chavan,Nationalist Congress Party,331126,213887,64.6 %,30981,14.5%
Phulambri,106,GEN,Aurangabad,Bagde Haribhau Kisanrao,Bharatiya Janta Party,322960,226753,70.2 %,15274,6.7%
Pimpri ,206,SC,Pune,Anna Dadu Bansode,Nationalist Congress Party,347886,174349,50.1 %,19808,11.4%
Pune Cantonment,214,SC,Pune,Kamble Sunil Dnyandev,Bharatiya Janta Party,287621,124186,43.2 %,5012,4.0%
Purandar,202,GEN,Pune,Sanjay Chandukaka Jagtap,Indian National Congress,348483,236253,67.8 %,31404,13.3%
Pusad ,81,GEN,Yavatmal,Naik Indranil Manohar,Nationalist Congress Party,289675,188011,64.9 %,9701,5.2%
Radhanagari,272,GEN,Kolhapur,Abitkar Prakash Anandrao,Shiv Sena,327346,245378,75.0 %,18430,7.5%
Rahuri,223,GEN,Ahmadnagar,Prajakt Prasadrao Tanpure,Nationalist Congress Party,289274,199224,68.9 %,23326,11.7%
Rajapur ,267,GEN,Ratnagiri,Rajan Prabhakar Salvi,Shiv Sena,237886,129816,54.6 %,11876,9.1%
Rajura,70,GEN,Chandrapur,Subhash Ramchandrarao Dhote,Indian National Congress,315073,223294,70.9 %,2501,1.1%
Ralegaon ,77,ST,Yavatmal,Ashok Ramaji Wooike (Uike),Bharatiya Janta Party,281573,195620,69.5 %,9875,5.0%
Ramtek ,59,GEN,Nagpur,Ashish Nandkishor Jaiswal (Vakil),Independent,278235,182914,65.7 %,24413,13.3%
Ratnagiri ,266,GEN,Ratnagiri,Uday Ravindra Samant,Shiv Sena,280859,158514,56.4 %,87335,55.1%
Raver,11,GEN,Jalgaon,Chaudhari Shirish Madhukarrao,Indian National Congress,297408,201450,67.7 %,15609,7.7%
Risod,33,GEN,Washim,Amit Subhashrao Zanak,Indian National Congress,304574,203883,66.9 %,2141,1.1%
Sakoli,62,GEN,Bhandara,Nanabhau Falgunrao Patole,Indian National Congress,316798,227157,71.7 %,6240,2.7%
Sakri ,5,ST,Dhule,Manjula Tulshiram Gavit,Independent,339027,203951,60.2 %,7265,3.6%
Sangamner,217,GEN,Ahmadnagar,Vijay Alias Balasaheb Bhausaheb Thorat,Indian National Congress,268219,193041,72.0 %,62252,32.2%
Sangli,282,GEN,Sangli,Dhananjay Alias Sudhir Hari Gadgil,Bharatiya Janta Party,321008,186235,58.0 %,6939,3.7%
Sangola,253,GEN,Solapur,Adv. Shahajibapu Rajaram Patil,Shiv Sena,290294,214768,74.0 %,768,0.4%
Satara,262,GEN,Satara,Bhonsle Shivendrasinh Abhaysinhraje,Bharatiya Janta Party,335993,197871,58.9 %,43424,21.9%
Savner,49,GEN,Nagpur,Kedar Sunil Chhatrapal,Indian National Congress,303350,209853,69.2 %,26291,12.5%
Sawantwadi,270,GEN,Sindhudurg,Deepak Vasantrao Kesarkar,Shiv Sena,224088,140309,62.6 %,13228,9.4%
Shahada ,2,ST,Nandurbar,Rajesh Udesing Padvi,Bharatiya Janta Party,316890,206944,65.3 %,7991,3.9%
Shahapur,135,ST,Thane,Daulat Bhika Daroda,Nationalist Congress Party,247443,157642,63.7 %,15104,9.6%
Shahuwadi ,277,GEN,Kolhapur,Dr. Vinay Vilasrao Kore (Savkar),Jan Surajya Shakti,288487,230553,79.9 %,27863,12.1%
Shevgaon ,222,GEN,Ahmadnagar,Monica Rajeev Rajale,Bharatiya Janta Party,339744,224072,66.0 %,14294,6.4%
Shirala,284,GEN,Sangli,Mansing Fattesingrao Naik,Nationalist Congress Party,291938,227861,78.1 %,25931,11.4%
Shirdi,218,GEN,Ahmadnagar,Vikhe Patil Radhakrishna Eknathrao,Bharatiya Janta Party,261188,185122,70.9 %,87024,47.0%
Shirol,280,GEN,Kolhapur,Rajendra Shamgonda Patil (Yadravkar),Independent,313071,232811,74.4 %,27824,12.0%
Shirpur ,9,ST,Dhule,Kashiram Vechan Pawara,Bharatiya Janta Party,317209,208264,65.7 %,49174,23.6%
Shirur,198,GEN,Pune,Ashok Raosaheb Pawar,Nationalist Congress Party,370291,256853,69.4 %,41504,16.2%
Shivadi ,183,GEN,Mumbai,Ajay Vinayak Choudhari,Shiv Sena,274503,131353,47.9 %,39337,29.9%
Shivajinagar,209,GEN,Pune,Siddharth Anil Shirole,Bharatiya Janta Party,303002,131680,43.5 %,5124,3.9%
Shrigonda,226,GEN,Ahmadnagar,Pachpute Babanrao Bhikaji,Bharatiya Janta Party,310908,209736,67.5 %,4750,2.3%
Shrirampur ,220,SC,Ahmadnagar,Kanade Lahu Natha,Indian National Congress,284962,182473,64.0 %,18994,10.4%
Shrivardhan,193,GEN,Raigarh,Aditi Sunil Tatkare,Nationalist Congress Party,256247,153476,59.9 %,39621,25.8%
Sillod,104,GEN,Aurangabad,Abdul Sattar Abdul Nabi,Shiv Sena,317733,235584,74.1 %,24381,10.3%
Sindkhed Raja,24,GEN,Buldana,Dr. Rajendra Bhaskarrao Shingane,Nationalist Congress Party,310669,199699,64.3 %,8938,4.5%
Shindkheda,8,GEN,Dhule,Jaykumar Jitendrasinh Rawal,Bharatiya Janta Party,324272,198752,61.3 %,42915,21.6%
Sinnar,120,GEN,Nashik,Adv. Kokate Manikrao Shivajirao,Nationalist Congress Party,300468,197226,65.6 %,2072,1.1%
Sion Koliwada,179,GEN,Mumbai,Captain R Tamil Selvan,Bharatiya Janta Party,254881,126592,49.7 %,13951,11.0%
Solapur City Central,249,GEN,Solapur,Shinde Praniti Sushilkumar,Indian National Congress,291701,167414,57.4 %,12719,7.6%
Solapur City North,248,GEN,Solapur,Deshmukh Vijaykumar Sidramappa,Bharatiya Janta Party,278941,149520,53.6 %,73068,48.9%
Solapur South,251,GEN,Solapur,Deshmukh Subhash Sureshchandra,Bharatiya Janta Party,303743,160779,52.9 %,29247,18.2%
Tasgaon-Kavathe Mahankal,287,GEN,Sangli,Sumanvahini R.R. (Aba) Patil,Nationalist Congress Party,294333,199528,67.8 %,62532,31.3%
Teosa,39,GEN,Amravati,Adv. Yashomati Chandrakant Thakur,Indian National Congress,293452,172545,58.8 %,10361,6.0%
Thane,148,GEN,Thane,Kelkar Sanjay Mukund,Bharatiya Janta Party,331231,172711,52.1 %,19424,11.2%
Tirora ,64,GEN,Gondiya,Vijay Bharatlal Rahangdale,Bharatiya Janta Party,255223,167460,65.6 %,25963,15.5%
Tuljapur,241,GEN,Osmanabad,Ranajagjitsinha Padmasinha Patil,Bharatiya Janta Party,349400,227688,65.2 %,23169,10.2%
Tumsar,60,GEN,Bhandara,Karemore Raju Manikrao,Nationalist Congress Party,300038,213100,71.0 %,7700,3.6%
Udgir ,237,SC,Latur,Bansode Sanjay Baburao,Nationalist Congress Party,295750,178565,60.4 %,20579,11.5%
Ulhasnagar,141,GEN,Thane,Ailani Kumar Uttamchand,Bharatiya Janta Party,226295,104623,46.2 %,2004,1.9%
Umarga ,240,SC,Osmanabad,Chougule Dnyanraj Dhondiram,Shiv Sena,295740,167837,56.8 %,25586,15.2%
Umarkhed ,82,SC,Yavatmal,Namdev Jayram Sasane,Bharatiya Janta Party,290224,195219,67.3 %,9287,4.8%
Umred ,51,SC,Nagpur,Raju Devnath Parwe,Indian National Congress,283437,195934,69.1 %,18029,9.2%
Uran,190,GEN,Raigarh,Mahesh Baldi,Independent,290311,215870,74.4 %,5710,2.6%
Vadgaon Sheri,208,GEN,Pune,Sunil Vijay Tingre,Nationalist Congress Party,444671,212185,47.7 %,4975,2.3%
Vaijapur,112,GEN,Aurangabad,Bornare Ramesh Nanasaheb,Shiv Sena,307722,194968,63.4 %,59163,30.3%
Vandre East,176,GEN,Mumbai (Suburban),Zeeshan Baba Siddique,Indian National Congress,245197,124049,50.6 %,5790,4.7%
Vandre West,177,GEN,Mumbai (Suburban),Adv. Ashish Babaji Shelar,Bharatiya Janta Party,295586,127473,43.1 %,26507,20.8%
Vasai,133,GEN,Thane,Hitendra Vishnu Thakur,Bahujan Vikas Aaghadi,294548,186969,63.5 %,25995,13.9%
Versova,164,GEN,Mumbai (Suburban),Dr. Bharati Lavekar,Bharatiya Janta Party,277510,118526,42.7 %,5186,4.4%
Vikhroli,156,GEN,Mumbai (Suburban),Raut Sunil Rajaram,Shiv Sena,226885,124783,55.0 %,27841,22.3%
Vikramgad ,129,ST,Thane,Bhusara Sunil Chandrakant,Nationalist Congress Party,264259,174346,66.0 %,21399,12.3%
Vile Parle,167,GEN,Mumbai (Suburban),Alavani Parag,Bharatiya Janta Party,260890,134986,51.7 %,58427,43.3%
Wadala,180,GEN,Mumbai,Kalidas Nilkanth Kolambkar,Bharatiya Janta Party,203263,105168,51.7 %,30845,29.3%
Wai ,256,GEN,Satara,Makrand Laxmanrao Jadhav (Patil),Nationalist Congress Party,331154,226525,68.4 %,43647,19.3%
Wani ,76,GEN,Yavatmal,Sanjivreddy Bapurao Bodkurwar,Bharatiya Janta Party,282793,207856,73.5 %,27795,13.4%
Wardha,47,GEN,Wardha,Dr. Pankaj Rajesh Bhoyar,Bharatiya Janta Party,314383,166634,53.0 %,7933,4.8%
Warora,75,GEN,Chandrapur,Dhanorkar Pratibha Suresh,Indian National Congress,292628,183399,62.7 %,10197,5.6%
Washim ,34,SC,Washim,Lakhan Sahadeo Malik,Bharatiya Janta Party,345823,205242,59.3 %,13695,6.7%
Worli,182,GEN,Mumbai,Aaditya Uddhav Thackeray,Shiv Sena,267629,122769,45.9 %,67427,54.9%
Yavatmal,78,GEN,Yavatmal,Madan Madhukar Yerawar,Bharatiya Janta Party,379639,213932,56.4 %,2253,1.1%
Yevla,119,GEN,Nashik,Chhagan Bhujbal,Nationalist Congress Party,296332,200422,67.6 %,56525,28.2%